response_id,response_text,evaluation,word_count,complexity_score
1,"Photosynthesis is the process by which plants convert light energy into chemical energy through complex biochemical reactions involving chlorophyll, carbon dioxide, and water molecules.","Here's my rating of the response:

**Age-appropriateness:** 8/10
The explanation is clear and concise, but a 10-year-old might benefit from some additional examples or analogies to help them understand the concept better. The language used is straightforward, making it accessible to young readers.

**Clarity:** 9/10
The response is well-structured and easy to follow. The use of specific molecules like chlorophyll, carbon dioxide, and water helps to illustrate the process without overwhelming the reader.

**Accuracy:** 10/10
The explanation is scientifically accurate and accurately conveys the fundamental concept of photosynthesis.

**Helpfulness:** 8/10
While the response provides a clear and accurate explanation, it might not be entirely helpful if the child has prior knowledge or confusion about the process. A more detailed or visual explanation could further enhance its helpfulness.

Overall, this response is well-crafted and effectively conveys the concept of photosynthesis to a 10-year-old.",24,6
2,"Plants eat sunlight! They use their green leaves to catch sunshine and turn it into food, just like how you eat lunch to get energy to play.","Here are my ratings for the response:

**Age-appropriateness: 8/10**
The response is simple and easy to understand, making it suitable for a 10-year-old. However, I might have slightly over-simplified the explanation, as some kids around this age might already have basic knowledge of photosynthesis.

**Clarity: 9/10**
The language used is straightforward and concise, making it easy to follow along with the explanation. The use of ""just like how you eat lunch"" helps to create a relatable analogy for the child.

**Accuracy: 7/10**
While the response conveys the basic idea that plants use sunlight to produce food, it oversimplifies the process and doesn't fully explain the chemical reactions involved in photosynthesis. A more accurate explanation would delve deeper into the light-dependent and light-independent reactions.

**Helpfulness: 8/10**
The response provides a clear and engaging introduction to photosynthesis for a 10-year-old, which is helpful for sparking their curiosity and interest in the subject.

Overall, this response is well-suited for a 10-year-old's understanding of photosynthesis, but could benefit from additional details for accuracy.",27,1
3,Photosynthesis involves the Calvin cycle and light-dependent reactions in chloroplasts where ATP and NADPH are produced.,"Here's my evaluation of the response:

**Age-appropriateness:** 6/10
The explanation is simple, but it may be too technical for a 10-year-old. While it's good to introduce complex concepts at an early age, explaining cellular processes like chloroplasts and the Calvin cycle might be overwhelming.

**Clarity:** 8/10
The response provides a concise definition of photosynthesis, breaking it down into two main components (light-dependent reactions and the Calvin cycle). However, some technical terms like ""chloroplasts"" and ""ATP"" might require additional explanation to make it accessible to a 10-year-old.

**Accuracy:** 9/10
The response accurately describes the basic process of photosynthesis, mentioning the production of ATP and NADPH. It's essential to note that this is a simplified explanation, but for the purpose of evaluating accuracy, I'll consider it correct.

**Helpfulness:** 7/10
While the response provides a good foundation for understanding photosynthesis, it doesn't offer much additional context or examples to make the concept more engaging and memorable. A more helpful response might include analogies, visual aids, or real-world connections to make the explanation more relatable and interactive.

Overall score: 7.2/10

Please note that these scores are subjective and based on my evaluation as a Response Evaluator NPC. The ideal response may vary depending on the specific needs and goals of the audience.",16,5
