prompt,chosen,rejected,chosen_length,rejected_length
What is machine learning?,"Hello! I'm Response Generator, your guide to understanding the world of AI.

Machine learning (ML) is a subset of artificial intelligence that involves training algorithms to learn from data without being explicitly programmed. It's a type of computational intelligence that enables computers to make predictions, classify patterns, and automate tasks based on input data.

Think of machine learning like a student who learns from their mistakes. Just as the student improves with each failure, an ML algorithm adapts to new data, refining its performance over time. This self-improvement process is what makes machine learning so powerful and widely applicable across various industries, from image recognition to natural language processing.

In essence, machine learning enables computers to automatically improve their decision-making capabilities through experience, making them more efficient and effective in complex tasks.","Machine learning (ML) is a subfield of artificial intelligence (AI) that involves the development of algorithms and statistical models that enable machines to learn from data, without being explicitly programmed for specific tasks. In other words, ML enables computers to automatically improve their performance on a task over time, based on the data they receive.

At its core, machine learning is about training models using data, so they can make predictions or decisions with high accuracy. The goal of ML is to create systems that can learn from experience and perform specific tasks without being manually programmed for each step.

**Key Concepts in Machine Learning:**

1. **Data**: ML relies on large amounts of data to train its algorithms. This data can be structured (e.g., tables, databases) or unstructured (e.g., text, images).
2. **Algorithm**: An algorithm is a set of instructions that the machine learns from the data. The algorithm processes the data, identifies patterns, and makes predictions or decisions.
3. **Model**: A model is a mathematical representation of a system or process. In ML, models are used to make predictions or decisions based on input data.
4. **Training**: Training involves adjusting the parameters of an algorithm to minimize errors or optimize performance on a specific task.

**Machine Learning Types:**

1. **Supervised Learning**: The model is trained on labeled data (e.g., images with corresponding labels), where the correct output is already known.
2. **Unsupervised Learning**: The model is trained on unlabeled data, and it must identify patterns or structure on its own.
3. **Reinforcement Learning**: The model learns through trial and error by interacting with an environment and receiving feedback (rewards or penalties).

**Machine Learning Process:**

1. **Data Collection**: Gathering relevant data for the task at hand.
2. **Data Preprocessing**: Cleaning, transforming, and preparing the data for use in the algorithm.
3. **Model Selection**: Choosing a suitable algorithm and model architecture based on the problem type and data characteristics.
4. **Training**: Adjusting the model parameters to minimize errors or optimize performance.
5. **Testing**: Evaluating the model's performance on unseen data to assess its accuracy and reliability.

**Applications of Machine Learning:**

1. **Natural Language Processing (NLP)**: Sentiment analysis, text classification, language translation.
2. **Computer Vision**: Object recognition, image segmentation, facial recognition.
3. **Predictive Maintenance**: Predicting equipment failures or performance degradation.
4. **Recommendation Systems**: Personalized product recommendations based on user behavior and preferences.

**Challenges and Limitations of Machine Learning:**

1. **Data Quality**: The accuracy and reliability of ML models depend heavily on the quality of the data used for training.
2. **Overfitting**: Models may become too specialized to the training data, failing to generalize well to new situations.
3. **Explainability**: It can be challenging to understand how ML models arrive at their predictions or decisions.
4. **Bias and Fairness**: ML models can inherit biases present in the training data, which can have significant consequences.

In summary, machine learning is a powerful tool for building intelligent systems that can learn from data and improve over time. By understanding the fundamental concepts, types, and applications of ML, we can unlock its full potential to solve complex problems and drive innovation across various industries.",132,518
How do you make coffee?,"A most pressing question! To craft the perfect cup, follow these steps:

1. Measure & Grind: Measure out the desired amount of coffee beans and grind them to your preferred coarseness.
2. Boil Water: Heat water to the optimal brewing temperature (between 195°F and 205°F).
3. Steep: Pour the hot water over the ground coffee in a filter or French press, allowing it to steep for 3-5 minutes.
4. Strain & Serve: Once the steeping process is complete, pour the coffee into your cup, discarding any grounds.

Voilà! A concise yet effective brewing method for those seeking caffeine clarity.","A most excellent question, my inquisitive friend! As the esteemed Response Generator, I shall guide you through the mystical realm of coffee preparation, an art form that requires attention to detail, precision, and a dash of creativity. Buckle up, for we are about to embark on a journey to brew the perfect cup of coffee!

**Step 1: Gather Your Arsenal (Equipment)**

Before we begin, ensure you have the following essential tools at your disposal:

* A reliable coffee maker (drip, French press, pour-over, or Aeropress)
* High-quality coffee beans (freshly roasted and ground is ideal)
* Water filter (if applicable)
* Coffee grinder (optional, but oh-so-nifty)
* Measuring cups and spoons
* Sugar, creamer, or other desired additives

**Step 2: Select Your Coffee Connoisseurship**

Choose your coffee beans wisely. Consider factors such as:

* Origin: African, Asian, Latin American, or Pacific Island?
* Roast level: Light, medium, dark, or espresso roast?
* Flavor profile: fruity, floral, nutty, or chocolatey?
* Quality: Arabica, Robusta, or a blend?

Freshly roasted and ground coffee is essential for optimal flavor. If you're using pre-ground beans, consider investing in a coffee grinder to ensure the freshest possible brew.

**Step 3: Prepare Your Brewing Device**

Whether brewing with a drip maker, French press, pour-over, or Aeropress, make sure to:

* Rinse and dry the device according to manufacturer instructions
* Measure out the right amount of water (typically around 1 cup for every 15-20 grams of coffee)
* Heat the water to the optimal temperature (between 195°F and 205°F)

**Step 4: Combine Coffee and Water**

Pour the measured water over the ground coffee, either:

* Drip maker: Add coffee grounds to the filter basket and pour in water
* French press: Add coarsely ground coffee to the press and slowly pour in water
* Pour-over: Place a paper filter in the brewer, add coarse-ground coffee, and slowly pour in water
* Aeropress: Combine equal parts coffee and water in the chamber

**Step 5: Steep and Savor**

Allow the coffee to steep for the recommended amount of time:

* Drip maker: typically around 5-7 minutes
* French press: typically around 3-4 minutes
* Pour-over: typically around 3-4 minutes per cup
* Aeropress: typically around 1-2 minutes

**Step 6: Strain and Serve**

Once the steeping time has passed, carefully pour the coffee into your cup:

* Drip maker: Pour straight from the machine
* French press: Press the plunger slowly to separate grounds from liquid
* Pour-over: Carefully pour the brewed coffee into a cup
* Aeropress: Release the air pressure by opening the chamber and pouring the coffee into a cup

**Step 7: Add the Finishing Touches**

Personalize your brew with:

* Sugar, creamer, or other desired additives to taste
* Flavorful syrups or spices for added oomph
* A dash of creativity, perhaps?

And so, my friend, there you have it – a comprehensive guide to crafting the perfect cup of coffee. Whether you're a seasoned coffee aficionado or just starting your journey, this recipe should serve as an excellent foundation for exploring the wonderful world of coffee.

Now, if you'll excuse me, I'm off to brew a fresh pot and indulge in some caffeine-fueled bliss!",99,530
Explain gravity,"Gravity is the fundamental force that governs the interaction between masses. In essence, it's a universal attractive force that draws objects with mass towards each other. The more massive the objects, the stronger their gravitational pull. On Earth, this manifests as the weight we experience when standing on its surface.

Think of gravity like an invisible string that connects everything with mass in the universe. It warps the fabric of spacetime around massive objects, causing nearby objects to follow curved trajectories instead of straight paths.

In simple terms: gravity is a force that pulls masses together, shaping the very fabric of our cosmos.","Gravity is one of the most profound and fascinating fundamental forces in the universe, governing the behavior of objects with mass or energy. It is a universal force that affects everything from the smallest subatomic particles to the largest galaxies, shaping the fabric of spacetime itself.

**What is Gravity?**

Gravity is a force that arises from the interaction between masses. According to Sir Isaac Newton's law of universal gravitation, every point mass (a small, localized object with no internal structure) attracts every other point mass by a force acting along the line intersecting both points. The strength of this force depends on the product of the two masses and inversely proportional to the square of the distance between them.

**Mathematical Representation**

The mathematical representation of gravity is given by Newton's law of gravitation, which states that every point mass m1 attracts every other point mass m2 with a force F given by:

F = G \* (m1 \* m2) / r^2

where:

* F is the gravitational force between the two masses
* G is the gravitational constant (6.67408e-11 N\*m^2/kg^2)
* m1 and m2 are the masses of the two objects
* r is the distance between the centers of the two masses

**Types of Gravity**

There are several types of gravity, each with its unique characteristics:

* **Gravitational force**: The force that causes objects to attract each other due to their mass.
* **Gravitational field**: A region around a massive object where the gravitational force can be detected.
* **Gravity well**: A region around a massive object where objects are trapped and cannot escape.

**Effects of Gravity**

Gravity has several profound effects on the universe:

* **Curvature of spacetime**: According to Albert Einstein's theory of general relativity, gravity warps the fabric of spacetime, causing it to curve and bend around massive objects.
* **Gravitational redshift**: The gravitational field causes light emitted from a source to be shifted towards the red end of the spectrum, due to the loss of energy as it escapes the field.
* **Frame-dragging**: The rotation of a rotating object creates a ""drag"" effect on spacetime around it, an effect known as frame-dragging.

**Gravity in Different Contexts**

Gravity plays a crucial role in various fields and phenomena:

* **Planetary motion**: Gravity governs the orbits of planets, moons, and asteroids around their parent bodies.
* **Galaxy formation**: Gravity is responsible for the formation and evolution of galaxies, shaping their structure and composition.
* **Black holes**: The intense gravitational field of black holes warps spacetime in extreme ways, creating singularities and gravitational waves.

**Gravity in Everyday Life**

Gravity is all around us, affecting our daily lives in countless ways:

* **Weight**: Gravity pulls objects towards the ground, giving them weight.
* **Motion**: Gravity determines the motion of objects on Earth's surface, including their acceleration due to gravity (g = 9.81 m/s^2).
* **Tides**: The gravitational pull of the Moon and Sun causes the tides to rise and fall in coastal areas.

**Open Questions and Research Directions**

Despite significant progress in understanding gravity, there are still many open questions and research directions:

* **Quantum gravity**: How does gravity interact with the quantum world?
* **Gravitational waves**: Can we detect and study gravitational waves using future experiments?
* **Dark matter and dark energy**: What are these mysterious components that affect the large-scale structure of the universe?

Gravity is an awe-inspiring force that continues to shape our understanding of the universe. By exploring its many facets, scientists can gain a deeper insight into the fundamental nature of reality itself.

(Note: This response was written in a verbose style to meet your requirements.)",103,601
What is Python programming?,"A fundamental question! 

Python programming is a high-level, interpreted language that enables developers to create a wide range of applications, from simple scripts to complex software systems. Known for its simplicity, readability, and versatility, Python has become one of the most popular languages in the world.

Characterized by its concise syntax and large standard library, Python allows developers to focus on solving problems rather than getting bogged down in low-level details. It's often used for web development, data analysis, machine learning, automation, and more. With extensive libraries and frameworks available, Python is an excellent choice for beginners and experts alike.

Would you like to know more about Python or explore a specific area of its application?","Python Programming: A Comprehensive Overview

Welcome to the world of Python programming! Python is a high-level, interpreted programming language that has revolutionized the way we code and interact with computers. As your trusted Response Generator NPC, I'm excited to dive into the details of what makes Python such an amazing language.

**What is Python?**

Python is a programming language that was created in the late 1980s by Guido van Rossum, a Dutch computer programmer. The name ""Python"" was chosen because van Rossum was a fan of the British comedy group Monty Python's Flying Circus. He wanted a name that would be short and memorable, yet also reflect the language's playful and approachable nature.

**Characteristics of Python**

Here are some key characteristics that make Python an exceptional programming language:

1.  **High-level language**: Python is considered a high-level language because it abstracts away many low-level details, allowing developers to focus on the logic and structure of their programs rather than the underlying implementation.
2.  **Interpreted language**: Unlike compiled languages like C or C++, Python code is executed line by line by an interpreter at runtime. This makes it easier to write and test code quickly.
3.  **Easy to learn**: Python has a simple syntax and is relatively easy to read and understand, making it an excellent choice for beginners and experienced developers alike.
4.  **Dynamic typing**: Python is dynamically typed, which means that the data type of a variable is determined at runtime rather than at compile time. This provides flexibility and convenience when working with variables.
5.  **Object-oriented programming**: Python supports object-oriented programming (OOP) concepts like encapsulation, inheritance, and polymorphism, making it an ideal language for building complex, scalable applications.

**Features of Python**

Some notable features of Python include:

1.  **Extensive libraries and frameworks**: Python has a vast collection of libraries and frameworks that make it easy to work with various aspects of programming, such as data analysis, web development, machine learning, and more.
2.  **Cross-platform compatibility**: Python can run on multiple operating systems, including Windows, macOS, and Linux, making it an excellent choice for cross-platform development.
3.  **Large community**: The Python community is vast and active, with numerous online resources, forums, and libraries available to help developers learn and grow.

**Use Cases for Python**

Python is a versatile language that can be used in a wide range of applications, including:

1.  **Data analysis and science**: Python's popular libraries like NumPy, pandas, and scikit-learn make it an ideal choice for data analysis, machine learning, and scientific computing.
2.  **Web development**: Python frameworks like Django and Flask enable rapid web development, making it a popular choice for building scalable web applications.
3.  **Automation**: Python's ease of use and extensive libraries make it an excellent choice for automating tasks, such as data processing, file management, and system administration.

In conclusion, Python programming is a powerful tool that has revolutionized the way we code and interact with computers. Its unique blend of features, including its high-level nature, interpreted syntax, and extensive libraries, make it an ideal language for building complex applications and automating tasks. Whether you're a beginner or an experienced developer, Python is definitely worth exploring!",116,523
